Code,Name,Total_Score,Sell_Score,Score_Momentum,Score_Supply,Score_Volume,Score_MA,Score_Candle,Close,ChagesRatio,Amount,Sector,Sector_Mult,Vol_Penalty,Market_Penalty,Market_Condition
096770,SK이노베이션,45.7,0.0,18.8,15.0,3.1,13.0,15.0,124500.0,3.49,36005643000,에너지,1.1,0.8,0.8,중립 (1d:3.8% 3d:1.2% 5d:8.3%) | ⚡극단변동성(σ=6.8%)
068270,셀트리온,44.5,0.0,18.0,15.0,2.5,11.0,12.0,201000.0,0.85,34280305000,바이오,1.0,0.95,0.8,중립 (1d:3.8% 3d:1.2% 5d:8.3%) | ⚡극단변동성(σ=6.8%)
162300,신스틸,41.9,25.0,15.4,15.0,14.0,6.0,15.0,1986.0,7.24,4593782640,금속,1.0,0.8,0.8,중립 (1d:3.8% 3d:1.2% 5d:8.3%) | ⚡극단변동성(σ=6.8%)
373220,LG에너지솔루션,41.7,0.0,20.0,15.0,1.2,8.0,15.0,367500.0,2.08,20460864000,에너지,1.1,0.8,0.8,중립 (1d:3.8% 3d:1.2% 5d:8.3%) | ⚡극단변동성(σ=6.8%)
009830,한화솔루션,40.4,25.0,18.5,15.0,8.6,6.0,15.0,35250.0,3.98,171452114400,화학,1.0,0.8,0.8,중립 (1d:3.8% 3d:1.2% 5d:8.3%) | ⚡극단변동성(σ=6.8%)
003010,혜인,40.3,25.0,16.0,15.0,14.0,6.0,12.0,5930.0,0.34,32394836120,내수,1.0,0.8,0.8,중립 (1d:3.8% 3d:1.2% 5d:8.3%) | ⚡극단변동성(σ=6.8%)
000490,대동,39.4,15.0,16.0,15.0,12.5,6.0,12.0,7800.0,15.9,4283172520,기계·장비,1.0,0.8,0.8,중립 (1d:3.8% 3d:1.2% 5d:8.3%) | ⚡극단변동성(σ=6.8%)
006340,대원전선,38.0,15.0,16.3,15.0,6.1,7.0,15.0,14950.0,8.41,175886338080,전기·전자,1.0,0.8,0.8,중립 (1d:3.8% 3d:1.2% 5d:8.3%) | ⚡극단변동성(σ=6.8%)
047040,대우건설,37.3,0.0,18.6,15.0,1.6,8.0,15.0,17030.0,3.78,31583266550,건설,1.0,0.8,0.8,중립 (1d:3.8% 3d:1.2% 5d:8.3%) | ⚡극단변동성(σ=6.8%)
457370,한켐,37.2,0.0,16.6,15.0,3.5,8.0,15.0,7560.0,7.85,702633200,화학,1.0,0.8,0.8,중립 (1d:3.8% 3d:1.2% 5d:8.3%) | ⚡극단변동성(σ=6.8%)
006360,GS건설,36.0,15.0,16.0,15.0,4.3,6.0,15.0,34900.0,10.27,59465847000,건설,1.0,0.8,0.8,중립 (1d:3.8% 3d:1.2% 5d:8.3%) | ⚡극단변동성(σ=6.8%)
214450,파마리서치,35.9,15.0,16.3,15.0,2.7,7.0,15.0,410000.0,8.32,33501960000,바이오,1.0,0.8,0.8,중립 (1d:3.8% 3d:1.2% 5d:8.3%) | ⚡극단변동성(σ=6.8%)
196170,알테오젠,35.8,25.0,16.0,15.0,4.0,6.0,15.0,348000.0,14.1,72066988500,일반서비스,1.0,0.8,0.8,중립 (1d:3.8% 3d:1.2% 5d:8.3%) | ⚡극단변동성(σ=6.8%)
387690,레메디,35.7,10.0,18.3,15.0,0.5,14.0,8.0,11000.0,4.46,2806594500,의료·정밀기기,1.0,0.8,0.8,중립 (1d:3.8% 3d:1.2% 5d:8.3%) | ⚡극단변동성(σ=6.8%)
460940,피앤에스로보틱스,35.7,15.0,16.0,15.0,3.8,6.0,15.0,5830.0,12.98,760821380,의료·정밀기기,1.0,0.8,0.8,중립 (1d:3.8% 3d:1.2% 5d:8.3%) | ⚡극단변동성(σ=6.8%)
475430,키스트론,35.5,0.0,16.4,15.0,1.0,8.0,15.0,4535.0,8.23,209449920,전기·전자,1.0,0.8,0.8,중립 (1d:3.8% 3d:1.2% 5d:8.3%) | ⚡극단변동성(σ=6.8%)
365660,레몬헬스케어,35.4,0.0,17.3,15.0,1.1,10.0,12.0,6170.0,0.82,8942424420,바이오,1.0,0.8,0.8,중립 (1d:3.8% 3d:1.2% 5d:8.3%) | ⚡극단변동성(σ=6.8%)
010170,대한광통신,35.1,25.0,16.0,15.0,3.2,4.0,15.0,14040.0,22.51,104927167800,통신,1.03,0.8,0.8,중립 (1d:3.8% 3d:1.2% 5d:8.3%) | ⚡극단변동성(σ=6.8%)
017900,광전자,34.9,25.0,16.0,15.0,2.5,6.0,15.0,8910.0,14.08,14969578470,전기·전자,1.0,0.8,0.8,중립 (1d:3.8% 3d:1.2% 5d:8.3%) | ⚡극단변동성(σ=6.8%)
353200,대덕전자,34.9,0.0,18.7,15.0,0.9,5.0,15.0,107600.0,3.66,14263449200,전기·전자,1.0,0.8,0.8,중립 (1d:3.8% 3d:1.2% 5d:8.3%) | ⚡극단변동성(σ=6.8%)
036930,주성엔지니어링,34.9,0.0,16.0,15.0,3.5,8.0,12.0,144800.0,13.3,181150201800,기계·장비,1.0,0.8,0.8,중립 (1d:3.8% 3d:1.2% 5d:8.3%) | ⚡극단변동성(σ=6.8%)
069540,빛과전자,34.7,25.0,18.7,15.0,1.5,4.0,15.0,3115.0,3.66,10383843610,전기·전자,1.0,0.8,0.8,중립 (1d:3.8% 3d:1.2% 5d:8.3%) | ⚡극단변동성(σ=6.8%)
222800,심텍,34.5,25.0,17.8,15.0,3.1,6.0,12.0,115900.0,5.36,31868981100,전기·전자,1.0,0.8,0.8,중립 (1d:3.8% 3d:1.2% 5d:8.3%) | ⚡극단변동성(σ=6.8%)
347850,디앤디파마텍,34.3,0.0,11.9,15.0,1.7,10.0,15.0,65700.0,14.26,33150282000,일반서비스,1.0,0.8,0.8,중립 (1d:3.8% 3d:1.2% 5d:8.3%) | ⚡극단변동성(σ=6.8%)
095610,테스,34.3,0.0,16.0,15.0,2.6,8.0,12.0,142600.0,14.45,24589993000,기계·장비,1.0,0.8,0.8,중립 (1d:3.8% 3d:1.2% 5d:8.3%) | ⚡극단변동성(σ=6.8%)
000270,기아,34.0,0.0,15.4,15.0,0.7,10.0,12.0,135500.0,0.44,14610201300,자동차,1.0,0.8,0.8,중립 (1d:3.8% 3d:1.2% 5d:8.3%) | ⚡극단변동성(σ=6.8%)
067290,JW신약,33.9,15.0,20.0,15.0,2.9,7.0,8.0,2225.0,2.06,13200467280,바이오,1.0,0.8,0.8,중립 (1d:3.8% 3d:1.2% 5d:8.3%) | ⚡극단변동성(σ=6.8%)
062040,산일전기,33.7,15.0,16.0,15.0,2.6,4.0,15.0,183800.0,16.85,18285106000,전기·전자,1.0,0.8,0.8,중립 (1d:3.8% 3d:1.2% 5d:8.3%) | ⚡극단변동성(σ=6.8%)
950160,코오롱티슈진,33.5,0.0,16.0,15.0,1.4,5.0,15.0,19330.0,9.46,16794388600,기타,1.0,0.8,0.8,중립 (1d:3.8% 3d:1.2% 5d:8.3%) | ⚡극단변동성(σ=6.8%)
321370,센서뷰,33.4,15.0,16.0,15.0,2.2,4.0,15.0,1513.0,17.65,2606976083,전기·전자,1.0,0.8,0.8,중립 (1d:3.8% 3d:1.2% 5d:8.3%) | ⚡극단변동성(σ=6.8%)
043260,성호전자,33.2,15.0,16.0,15.0,1.9,4.0,15.0,20650.0,19.99,21384551010,전기·전자,1.0,0.8,0.8,중립 (1d:3.8% 3d:1.2% 5d:8.3%) | ⚡극단변동성(σ=6.8%)
005380,현대차,32.8,0.0,15.7,15.0,0.5,10.0,10.0,408000.0,3.16,36191508000,자동차,1.0,0.8,0.8,중립 (1d:3.8% 3d:1.2% 5d:8.3%) | ⚡극단변동성(σ=6.8%)
240810,원익IPS,32.7,0.0,16.0,15.0,2.8,8.0,12.0,98400.0,11.44,61347911900,반도체,0.95,0.8,0.8,중립 (1d:3.8% 3d:1.2% 5d:8.3%) | ⚡극단변동성(σ=6.8%)
024840,KBI메탈,32.6,25.0,16.0,15.0,6.0,6.0,8.0,5300.0,10.19,23269855560,금속,1.0,0.8,0.8,중립 (1d:3.8% 3d:1.2% 5d:8.3%) | ⚡극단변동성(σ=6.8%)
126730,코칩,32.3,25.0,18.0,15.0,1.1,4.0,15.0,15420.0,4.97,2344801450,반도체,0.95,0.8,0.8,중립 (1d:3.8% 3d:1.2% 5d:8.3%) | ⚡극단변동성(σ=6.8%)
006400,삼성SDI,32.2,0.0,18.1,15.0,1.3,8.0,8.0,481500.0,4.9,39280533500,전기·전자,1.0,0.8,0.8,중립 (1d:3.8% 3d:1.2% 5d:8.3%) | ⚡극단변동성(σ=6.8%)
080220,제주반도체,32.0,25.0,16.0,15.0,3.6,6.0,12.0,87700.0,16.31,123391768500,반도체,0.95,0.8,0.8,중립 (1d:3.8% 3d:1.2% 5d:8.3%) | ⚡극단변동성(σ=6.8%)
086520,에코프로,31.9,15.0,16.1,15.0,2.3,4.0,15.0,93500.0,8.72,32189013900,금융,0.95,0.8,0.8,중립 (1d:3.8% 3d:1.2% 5d:8.3%) | ⚡극단변동성(σ=6.8%)
034020,두산에너빌리티,31.7,0.0,17.5,15.0,1.1,8.0,8.0,79900.0,3.63,29982133000,기계·장비,1.0,0.8,0.8,중립 (1d:3.8% 3d:1.2% 5d:8.3%) | ⚡극단변동성(σ=6.8%)
042700,한미반도체,31.6,0.0,14.2,15.0,0.8,10.0,12.0,205500.0,6.86,25099128000,반도체,0.95,0.8,0.8,중립 (1d:3.8% 3d:1.2% 5d:8.3%) | ⚡극단변동성(σ=6.8%)
001290,상상인증권,31.2,25.0,18.0,15.0,4.7,6.0,5.0,1205.0,0.17,1209137380,증권,1.0,0.8,0.8,중립 (1d:3.8% 3d:1.2% 5d:8.3%) | ⚡극단변동성(σ=6.8%)
066570,LG전자,31.1,0.0,20.0,15.0,0.7,8.0,5.0,190000.0,2.7,42134717900,전기·전자,1.0,0.8,0.8,중립 (1d:3.8% 3d:1.2% 5d:8.3%) | ⚡극단변동성(σ=6.8%)
053260,금강철강,30.7,15.0,16.0,15.0,6.0,6.0,5.0,5820.0,9.4,2089473120,금속,1.0,0.8,0.8,중립 (1d:3.8% 3d:1.2% 5d:8.3%) | ⚡극단변동성(σ=6.8%)
005490,POSCO홀딩스,29.8,0.0,18.0,15.0,0.6,8.0,5.0,336000.0,1.51,9353935500,금속,1.0,0.8,0.8,중립 (1d:3.8% 3d:1.2% 5d:8.3%) | ⚡극단변동성(σ=6.8%)
329180,HD현대중공업,29.8,0.0,17.6,15.0,0.9,8.0,5.0,532000.0,5.14,20155344000,자동차,1.0,0.8,0.8,중립 (1d:3.8% 3d:1.2% 5d:8.3%) | ⚡극단변동성(σ=6.8%)
477850,마키나락스,29.7,25.0,16.0,15.0,1.4,6.0,8.0,32850.0,13.08,16467232750,IT 서비스,1.0,0.8,0.8,중립 (1d:3.8% 3d:1.2% 5d:8.3%) | ⚡극단변동성(σ=6.8%)
011330,유니켐,28.9,30.4,12.0,15.0,7.1,6.0,5.0,5750.0,-2.71,1623940070,자동차,1.0,0.8,0.8,중립 (1d:3.8% 3d:1.2% 5d:8.3%) | ⚡극단변동성(σ=6.8%)
062970,한국첨단소재,28.9,25.3,16.0,15.0,2.1,4.0,8.0,3015.0,-0.17,2818013090,전기·전자,1.0,0.8,0.8,중립 (1d:3.8% 3d:1.2% 5d:8.3%) | ⚡극단변동성(σ=6.8%)
298040,효성중공업,28.5,0.0,16.5,15.0,1.0,7.0,5.0,2934000.0,3.6,19017900000,전기·전자,1.0,0.8,0.8,중립 (1d:3.8% 3d:1.2% 5d:8.3%) | ⚡극단변동성(σ=6.8%)
463020,뉴엔AI,28.4,35.0,20.0,15.0,1.4,3.0,5.0,12000.0,1.27,3265398360,IT 서비스,1.0,0.8,0.8,중립 (1d:3.8% 3d:1.2% 5d:8.3%) | ⚡극단변동성(σ=6.8%)
042660,한화오션,28.4,0.0,15.4,15.0,1.0,8.0,5.0,94400.0,5.59,20418612000,자동차,1.0,0.8,0.8,중립 (1d:3.8% 3d:1.2% 5d:8.3%) | ⚡극단변동성(σ=6.8%)
010060,OCI홀딩스,28.3,15.0,18.3,15.0,2.3,6.0,5.0,284500.0,4.4,31156846500,금융,0.95,0.8,0.8,중립 (1d:3.8% 3d:1.2% 5d:8.3%) | ⚡극단변동성(σ=6.8%)
012330,현대모비스,28.3,0.0,16.6,15.0,0.6,7.0,5.0,505000.0,1.71,23011100000,자동차,1.0,0.8,0.8,중립 (1d:3.8% 3d:1.2% 5d:8.3%) | ⚡극단변동성(σ=6.8%)
0039P0,매드업,28.1,15.0,20.0,15.0,1.0,3.0,5.0,9770.0,2.3,7727293310,일반서비스,1.0,0.8,0.8,중립 (1d:3.8% 3d:1.2% 5d:8.3%) | ⚡극단변동성(σ=6.8%)
055550,신한지주,27.9,6.5,6.6,15.0,1.2,13.0,5.0,106400.0,-3.27,18390338000,금융,0.95,0.9,0.8,중립 (1d:3.8% 3d:1.2% 5d:8.3%) | ⚡극단변동성(σ=6.8%)
035420,NAVER,26.2,0.0,10.0,15.0,0.9,7.0,8.0,211500.0,0.71,45082515000,IT 서비스,1.0,0.8,0.8,중립 (1d:3.8% 3d:1.2% 5d:8.3%) | ⚡극단변동성(σ=6.8%)
008830,대동기어,26.1,25.0,6.7,15.0,7.1,0.0,12.0,6300.0,7.69,2734329150,기계·장비,1.0,0.8,0.8,중립 (1d:3.8% 3d:1.2% 5d:8.3%) | ⚡극단변동성(σ=6.8%)
011070,LG이노텍,25.7,15.0,14.7,15.0,0.5,0.0,10.0,555000.0,0.54,20221863000,전기·전자,1.0,0.8,0.8,중립 (1d:3.8% 3d:1.2% 5d:8.3%) | ⚡극단변동성(σ=6.8%)
005930,삼성전자,24.4,15.9,9.2,15.0,0.9,0.0,15.0,230000.0,-0.43,846527439000,반도체,0.95,0.8,0.8,중립 (1d:3.8% 3d:1.2% 5d:8.3%) | ⚡극단변동성(σ=6.8%)
012450,한화에어로스페이스,23.8,15.0,18.0,15.0,1.4,6.0,5.0,1152000.0,5.01,35337360000,항공운송,0.82,0.8,0.8,중립 (1d:3.8% 3d:1.2% 5d:8.3%) | ⚡극단변동성(σ=6.8%)
475150,SK이터닉스,23.5,15.0,11.6,15.0,2.1,0.0,8.0,51300.0,1.58,100259068000,건설,1.0,0.8,0.8,중립 (1d:3.8% 3d:1.2% 5d:8.3%) | ⚡극단변동성(σ=6.8%)
032830,삼성생명,23.2,15.0,14.7,15.0,0.4,0.0,8.0,280500.0,1.81,8382374000,금융,0.95,0.8,0.8,중립 (1d:3.8% 3d:1.2% 5d:8.3%) | ⚡극단변동성(σ=6.8%)
267260,HD현대일렉트릭,22.7,8.0,14.7,15.0,0.7,0.0,5.0,764000.0,0.26,13282425000,전기·전자,1.0,0.8,0.8,중립 (1d:3.8% 3d:1.2% 5d:8.3%) | ⚡극단변동성(σ=6.8%)
105560,KB금융,22.2,19.7,7.3,15.0,1.2,0.0,5.0,171700.0,-2.33,29838520700,금융,0.95,0.9,0.8,중립 (1d:3.8% 3d:1.2% 5d:8.3%) | ⚡극단변동성(σ=6.8%)
079550,LIG디펜스앤에어로스페이스,22.1,0.0,11.0,15.0,1.1,10.0,5.0,823000.0,11.07,17146206000,항공운송,0.82,0.8,0.8,중립 (1d:3.8% 3d:1.2% 5d:8.3%) | ⚡극단변동성(σ=6.8%)
009150,삼성전기,21.3,8.6,12.3,15.0,0.9,0.0,5.0,1274000.0,-0.31,176659264000,전기·전자,1.0,0.8,0.8,중립 (1d:3.8% 3d:1.2% 5d:8.3%) | ⚡극단변동성(σ=6.8%)
086790,하나금융지주,20.6,14.4,6.0,15.0,1.1,0.0,8.0,130400.0,-3.19,13451429300,금융,0.95,0.9,0.8,중립 (1d:3.8% 3d:1.2% 5d:8.3%) | ⚡극단변동성(σ=6.8%)
402340,SK스퀘어,20.4,25.0,10.0,15.0,0.6,0.0,8.0,949000.0,1.06,91007532000,금융,0.95,0.8,0.8,중립 (1d:3.8% 3d:1.2% 5d:8.3%) | ⚡극단변동성(σ=6.8%)
017670,SK텔레콤,17.9,15.3,1.2,15.0,1.0,0.0,10.0,85000.0,-3.63,16128515000,통신,1.03,0.8,0.8,중립 (1d:3.8% 3d:1.2% 5d:8.3%) | ⚡극단변동성(σ=6.8%)
000660,SK하이닉스,16.4,25.3,6.0,15.0,0.9,0.0,5.0,1420000.0,-0.14,1116543181000,반도체,0.95,0.8,0.8,중립 (1d:3.8% 3d:1.2% 5d:8.3%) | ⚡극단변동성(σ=6.8%)
