fm,sm,rb,rs,vm,tp,sl,trades,win_rate,avg_pnl,profit_factor,total_pnl
10,20,65,80,2.0,15.0,3.0,3.0,66.7,9.68,8.89,29.05
10,20,65,80,2.0,10.0,3.0,3.0,66.7,9.66,8.87,28.99
10,20,65,80,2.0,6.0,3.0,3.0,66.7,8.81,8.17,26.42
5,60,65,80,2.0,15.0,5.0,3.0,66.7,10.03,6.87,30.08
10,20,65,80,2.0,15.0,5.0,3.0,66.7,8.98,5.65,26.94
10,20,65,80,2.0,10.0,5.0,3.0,66.7,8.96,5.64,26.88
5,20,60,80,1.5,10.0,3.0,3.0,55.57,4.39,5.39,13.16
5,20,60,80,1.5,15.0,3.0,3.0,55.57,4.39,5.39,13.16
10,20,65,80,2.0,6.0,5.0,3.0,66.7,8.1,5.2,24.31
5,20,65,80,1.5,15.0,3.0,3.4,60.02,5.61,5.05,17.54
5,20,65,80,1.5,10.0,3.0,3.4,60.02,4.4,4.48,13.6
5,20,65,75,1.5,10.0,3.0,3.4,61.68,2.87,4.39,8.64
5,20,65,75,1.5,15.0,3.0,3.4,61.68,2.83,4.37,8.55
5,20,65,75,1.5,6.0,3.0,3.4,61.68,2.71,4.3,8.18
5,60,65,80,2.0,10.0,5.0,3.0,66.7,5.39,4.16,16.17
10,20,65,75,2.0,10.0,3.0,3.0,66.7,3.55,3.89,10.64
10,20,65,75,2.0,15.0,3.0,3.0,66.7,3.55,3.89,10.64
5,20,65,70,1.5,15.0,3.0,3.4,61.68,2.23,3.83,6.31
5,20,65,70,1.5,10.0,3.0,3.4,61.68,2.23,3.83,6.31
10,20,65,80,2.0,10.0,8.0,3.0,66.7,8.0,3.77,24.0
10,20,65,80,2.0,15.0,8.0,3.0,66.7,8.02,3.77,24.06
5,20,65,70,1.5,6.0,3.0,3.4,61.68,2.07,3.74,5.85
5,20,65,80,1.5,15.0,5.0,3.4,60.02,5.36,3.73,16.7
5,20,65,75,1.5,10.0,5.0,3.4,61.68,2.61,3.61,7.8
5,20,65,75,1.5,15.0,5.0,3.4,61.68,2.58,3.6,7.7
5,20,65,75,1.5,6.0,5.0,3.4,61.68,2.45,3.53,7.33
10,20,65,75,2.0,6.0,3.0,3.0,66.7,3.11,3.53,9.33
5,20,60,80,1.5,6.0,3.0,3.0,55.57,2.42,3.51,7.25
5,60,65,80,2.0,6.0,5.0,3.0,66.7,4.25,3.49,12.75
10,20,65,80,2.0,6.0,8.0,3.0,66.7,7.14,3.47,21.43
5,20,60,75,1.5,15.0,3.0,3.0,44.43,2.24,3.28,6.72
5,20,60,75,1.5,10.0,3.0,3.0,44.43,2.24,3.28,6.72
5,20,60,75,1.5,6.0,3.0,3.0,44.43,2.24,3.28,6.72
5,20,60,80,1.5,15.0,5.0,3.0,55.57,4.0,3.26,12.01
5,20,65,75,1.5,10.0,8.0,3.4,61.68,2.2,3.26,6.68
5,20,60,80,1.5,10.0,5.0,3.0,55.57,4.0,3.26,12.01
5,20,65,75,1.5,15.0,8.0,3.4,61.68,2.17,3.25,6.58
10,20,65,70,2.0,15.0,5.0,3.0,66.7,1.9,3.25,5.71
10,20,65,70,2.0,6.0,8.0,3.0,66.7,1.9,3.25,5.71
10,20,65,70,2.0,10.0,5.0,3.0,66.7,1.9,3.25,5.71
10,20,65,70,2.0,6.0,5.0,3.0,66.7,1.9,3.25,5.71
10,20,65,70,2.0,10.0,8.0,3.0,66.7,1.9,3.25,5.71
10,20,65,70,2.0,15.0,8.0,3.0,66.7,1.9,3.25,5.71
5,20,65,70,1.5,15.0,5.0,3.4,61.68,1.97,3.22,5.47
5,20,65,70,1.5,10.0,5.0,3.4,61.68,1.97,3.22,5.47
5,20,65,75,1.5,6.0,8.0,3.4,61.68,2.04,3.21,6.21
5,60,65,70,2.0,15.0,3.0,3.0,66.7,2.56,3.2,7.68
5,60,65,70,2.0,10.0,3.0,3.0,66.7,2.56,3.2,7.68
5,20,65,80,1.5,10.0,5.0,3.4,60.02,4.14,3.16,12.75
5,60,65,80,2.0,15.0,3.0,3.0,33.3,5.7,3.15,17.1
5,20,65,80,1.5,6.0,3.0,3.4,60.02,2.77,3.14,8.44
5,20,65,70,1.5,6.0,5.0,3.4,61.68,1.81,3.13,5.0
5,20,65,80,1.5,15.0,8.0,3.4,60.02,4.95,3.08,15.58
5,20,65,70,1.5,15.0,8.0,3.4,61.68,1.56,2.89,4.35
5,20,65,70,1.5,10.0,8.0,3.4,61.68,1.56,2.89,4.35
5,20,65,70,1.5,6.0,8.0,3.4,61.68,1.41,2.85,3.88
5,60,65,80,2.0,15.0,8.0,3.0,66.7,7.49,2.76,22.47
5,60,65,75,2.0,10.0,5.0,3.0,66.7,2.91,2.7,8.72
5,20,65,80,1.5,10.0,8.0,3.4,60.02,3.73,2.65,11.63
5,60,65,75,2.0,15.0,5.0,3.0,66.7,2.75,2.61,8.24
5,20,60,80,1.5,10.0,8.0,3.0,55.57,3.91,2.53,11.74
5,20,60,80,1.5,15.0,8.0,3.0,55.57,3.91,2.53,11.74
5,20,60,70,1.5,6.0,3.0,3.0,44.43,1.32,2.48,3.95
5,20,60,70,1.5,15.0,3.0,3.0,44.43,1.32,2.48,3.95
5,20,60,70,1.5,10.0,3.0,3.0,44.43,1.32,2.48,3.95
10,20,65,75,2.0,15.0,5.0,3.0,66.7,2.84,2.47,8.53
10,20,65,75,2.0,10.0,5.0,3.0,66.7,2.84,2.47,8.53
5,60,65,70,2.0,6.0,3.0,3.0,66.7,1.66,2.42,4.96
5,20,65,80,1.5,6.0,5.0,3.4,60.02,2.52,2.36,7.6
5,20,60,80,1.5,6.0,5.0,3.0,55.57,2.03,2.26,6.1
10,20,65,75,2.0,6.0,5.0,3.0,66.7,2.41,2.25,7.22
10,20,65,70,2.0,15.0,3.0,3.0,66.7,1.52,2.24,4.55
10,20,65,70,2.0,10.0,3.0,3.0,66.7,1.52,2.24,4.55
10,20,65,70,2.0,6.0,3.0,3.0,66.7,1.52,2.24,4.55
5,60,65,70,2.0,10.0,5.0,3.0,66.7,2.02,2.18,6.05
5,60,65,70,2.0,15.0,5.0,3.0,66.7,2.02,2.18,6.05
5,60,65,75,2.0,6.0,5.0,3.0,66.7,2.0,2.17,6.0
5,20,65,80,1.5,6.0,8.0,3.4,60.02,2.11,2.04,6.48
5,20,60,75,1.5,15.0,5.0,3.0,44.43,1.86,2.03,5.57
5,20,60,75,1.5,10.0,5.0,3.0,44.43,1.86,2.03,5.57
5,20,60,75,1.5,6.0,5.0,3.0,44.43,1.86,2.03,5.57
10,20,65,80,1.5,10.0,3.0,3.5,41.65,0.38,1.87,4.11
10,20,65,80,1.5,15.0,3.0,3.5,41.65,0.39,1.87,4.13
5,20,60,80,1.5,6.0,8.0,3.0,55.57,1.94,1.86,5.82
5,60,65,80,1.5,15.0,5.0,3.5,41.65,1.27,1.76,6.76
10,20,65,80,1.5,6.0,3.0,3.5,41.65,0.06,1.73,2.81
5,60,65,80,2.0,10.0,8.0,3.0,66.7,2.85,1.67,8.56
10,20,65,75,2.0,15.0,8.0,3.0,66.7,1.88,1.65,5.65
10,20,65,75,2.0,10.0,8.0,3.0,66.7,1.88,1.65,5.65
5,60,65,70,2.0,6.0,5.0,3.0,66.7,1.11,1.65,3.33
5,20,60,75,1.5,6.0,8.0,3.0,44.43,1.76,1.63,5.29
5,20,60,75,1.5,10.0,8.0,3.0,44.43,1.76,1.63,5.29
5,20,60,75,1.5,15.0,8.0,3.0,44.43,1.76,1.63,5.29
10,20,65,80,1.5,15.0,5.0,3.5,41.65,0.13,1.54,3.08
10,20,65,80,1.5,10.0,5.0,3.5,41.65,0.12,1.53,3.04
10,20,65,75,2.0,6.0,8.0,3.0,66.7,1.45,1.5,4.34
5,20,60,70,1.5,10.0,5.0,3.0,44.43,0.93,1.47,2.8
5,20,60,70,1.5,6.0,5.0,3.0,44.43,0.93,1.47,2.8
5,20,60,70,1.5,15.0,5.0,3.0,44.43,0.93,1.47,2.8
10,20,65,80,1.5,6.0,5.0,3.5,41.65,-0.2,1.42,1.76
5,60,65,80,2.0,10.0,3.0,3.0,33.3,1.06,1.4,3.18
5,60,65,75,2.0,10.0,3.0,3.0,33.3,1.06,1.4,3.18
5,60,65,80,2.0,6.0,8.0,3.0,66.7,1.71,1.4,5.14
5,60,65,75,2.0,15.0,3.0,3.0,33.3,0.9,1.34,2.71
5,60,65,80,1.5,15.0,3.0,3.5,29.15,0.57,1.2,3.02
5,20,60,70,1.5,10.0,8.0,3.0,44.43,0.84,1.16,2.52
5,20,60,70,1.5,6.0,8.0,3.0,44.43,0.84,1.16,2.52
5,20,60,70,1.5,15.0,8.0,3.0,44.43,0.84,1.16,2.52
5,60,65,80,1.5,10.0,5.0,3.5,41.65,-0.46,1.16,-0.19
5,60,65,75,2.0,10.0,8.0,3.0,66.7,0.37,1.09,1.11
5,60,65,75,2.0,6.0,3.0,3.0,33.3,0.16,1.06,0.47
5,60,65,80,2.0,6.0,3.0,3.0,33.3,0.16,1.06,0.47
5,60,65,75,2.0,15.0,8.0,3.0,66.7,0.21,1.05,0.63
5,60,65,80,1.5,6.0,5.0,3.5,41.65,-0.89,1.01,-1.9
5,60,65,80,1.5,15.0,8.0,3.5,41.65,-0.27,0.98,0.58
10,20,65,80,1.5,10.0,8.0,3.5,41.65,-1.5,0.98,-2.65
10,20,65,80,1.5,15.0,8.0,3.5,41.65,-1.5,0.98,-2.63
10,20,65,80,1.5,6.0,8.0,3.5,41.65,-1.83,0.9,-3.94
5,60,65,70,2.0,15.0,8.0,3.0,66.7,-0.52,0.88,-1.56
5,60,65,70,2.0,10.0,8.0,3.0,66.7,-0.52,0.88,-1.56
5,60,65,75,2.0,6.0,8.0,3.0,66.7,-0.54,0.87,-1.61
10,20,65,75,1.5,10.0,3.0,3.5,41.65,-2.17,0.82,-5.86
10,20,65,75,1.5,15.0,3.0,3.5,41.65,-2.17,0.82,-5.86
5,60,65,70,1.5,15.0,5.0,3.5,58.35,-0.82,0.76,-2.5
5,60,65,70,1.5,10.0,5.0,3.5,58.35,-0.82,0.76,-2.5
10,20,65,75,1.5,6.0,3.0,3.5,41.65,-2.34,0.75,-6.52
5,60,65,80,1.5,10.0,3.0,3.5,29.15,-1.17,0.73,-3.94
5,60,65,70,1.5,10.0,3.0,3.5,41.65,-1.5,0.71,-4.35
5,60,65,70,1.5,15.0,3.0,3.5,41.65,-1.5,0.71,-4.35
5,60,65,75,1.5,10.0,5.0,3.5,41.65,-2.28,0.7,-6.57
5,60,65,80,1.5,10.0,8.0,3.5,41.65,-2.01,0.69,-6.38
10,20,65,75,1.5,10.0,5.0,3.5,41.65,-2.43,0.68,-6.92
10,20,65,75,1.5,15.0,5.0,3.5,41.65,-2.43,0.68,-6.92
5,60,65,75,1.5,15.0,5.0,3.5,41.65,-2.34,0.68,-6.82
5,60,65,70,2.0,6.0,8.0,3.0,66.7,-1.43,0.66,-4.28
5,60,65,70,1.5,6.0,5.0,3.5,58.35,-1.15,0.64,-3.86
5,60,65,80,1.5,6.0,3.0,3.5,29.15,-1.51,0.63,-5.3
10,20,65,75,1.5,6.0,5.0,3.5,41.65,-2.6,0.62,-7.58
5,60,65,80,1.5,6.0,8.0,3.5,41.65,-2.44,0.62,-8.09
5,60,65,75,1.5,6.0,5.0,3.5,41.65,-2.62,0.59,-7.94
10,20,65,70,1.5,6.0,5.0,3.5,41.65,-2.6,0.58,-7.76
10,20,65,70,1.5,10.0,5.0,3.5,41.65,-2.6,0.58,-7.76
10,20,65,70,1.5,15.0,5.0,3.5,41.65,-2.6,0.58,-7.76
5,60,65,70,1.5,6.0,3.0,3.5,41.65,-1.84,0.57,-5.72
5,60,65,75,1.5,10.0,3.0,3.5,29.15,-2.06,0.54,-6.6
5,60,65,75,1.5,15.0,3.0,3.5,29.15,-2.12,0.52,-6.84
10,20,65,70,1.5,6.0,3.0,3.5,41.65,-2.74,0.52,-8.33
10,20,65,70,1.5,10.0,3.0,3.5,41.65,-2.74,0.52,-8.33
10,20,65,70,1.5,15.0,3.0,3.5,41.65,-2.74,0.52,-8.33
5,60,65,70,1.5,10.0,8.0,3.5,58.35,-2.36,0.51,-8.7
5,60,65,70,1.5,15.0,8.0,3.5,58.35,-2.36,0.51,-8.7
5,60,65,70,1.5,6.0,8.0,3.5,58.35,-2.7,0.45,-10.05
5,60,65,75,1.5,6.0,3.0,3.5,29.15,-2.4,0.44,-7.96
10,20,65,75,1.5,10.0,8.0,3.5,41.65,-4.06,0.43,-12.62
10,20,65,75,1.5,15.0,8.0,3.5,41.65,-4.06,0.43,-12.62
10,20,65,70,1.5,6.0,8.0,3.5,41.65,-3.86,0.4,-12.02
5,60,65,75,1.5,10.0,8.0,3.5,41.65,-3.83,0.4,-12.77
10,20,65,70,1.5,15.0,8.0,3.5,41.65,-3.86,0.4,-12.02
10,20,65,70,1.5,10.0,8.0,3.5,41.65,-3.86,0.4,-12.02
5,60,65,75,1.5,15.0,8.0,3.5,41.65,-3.89,0.39,-13.01
10,20,65,75,1.5,6.0,8.0,3.5,41.65,-4.22,0.39,-13.28
5,60,65,75,1.5,6.0,8.0,3.5,41.65,-4.17,0.34,-14.12
