Code,Name,Market,Close,ChagesRatio,Volume,Amount,Marcap,Foreign_Net,Institutional_Net,Program_Net,Total_Combined_Net,FDR_Sector,FDR_Industry
000660,SK하이닉스,KOSPI,1802000,1.46,1148296,2044299610500,1316347241730000,-342688,-135488,0,-478176,,
005930,삼성전자,KOSPI,271500,1.12,7049773,1890612649750,1587264642072000,-3191284,-1409182,0,-4600466,,
316140,우리금융지주,KOSPI,33250,-4.73,22788919,759881622450,24498153020250,-680933,-253219,0,-934152,,
009150,삼성전기,KOSPI,1544500,2.08,383802,576752127000,115364413472000,-109324,-16781,0,-126105,,
468670,브릴스,KOSDAQ,33000,69.23,10549825,459597535850,375000417000,0,0,0,0,,
402340,SK스퀘어,KOSPI,1131500,-0.66,269090,300411277000,149272003737000,29397,-2345,0,27052,,
036930,주성엔지니어링,KOSDAQ GLOBAL,237000,1.94,1100988,260510701750,11016025677000,81989,78489,0,160478,,
0035S0,빅웨이브로보틱스,KOSDAQ,35350,-9.01,6664335,242100725150,363059028850,-13868,9042,0,-4826,,
266690,덕산넵코어스,KOSDAQ,18030,0.28,12149596,227113857640,340656818670,-7423,-907813,0,-915236,,
439960,코스모로보틱스,KOSDAQ,9030,20.08,21766308,184928830925,293029152780,22706,-100413,0,-77707,,
403870,HPSP,KOSDAQ GLOBAL,65900,3.45,2713593,179996859900,5423570000000,40658,206438,0,247096,,
490470,세미파이브,KOSDAQ,20350,11.38,8282581,166838863360,692417704000,-125322,-287024,0,-412346,,
080220,제주반도체,KOSDAQ,83600,6.77,1876893,153889283150,2879420838800,28988,17198,0,46186,,
240810,원익IPS,KOSDAQ GLOBAL,138600,5.4,1052210,144722330600,6803028678600,-30737,25722,0,-5015,,
001820,삼화콘덴서,KOSPI,161100,7.98,884901,139134359450,1674634500000,-251147,-57753,0,-308900,,
012330,현대모비스,KOSPI,378000,3.0,337182,128281371250,33952181130000,-45559,61833,0,16274,,
036540,SFA반도체,KOSDAQ,10880,0.93,10787399,122823825270,1789328096640,631925,-793277,0,-161352,,
034020,두산에너빌리티,KOSPI,82600,1.23,1422414,117233610050,52910350659600,12346,-19517,0,-7171,,
105560,KB금융,KOSPI,166800,-1.18,658349,109993237500,59161914031200,-48758,-69397,0,-118155,,
042700,한미반도체,KOSPI,262500,2.34,400473,105081504000,25019452500000,15953,108489,0,124442,,
353200,대덕전자,KOSPI,141700,6.94,749181,102116231200,7002378272500,-238363,167405,0,-70958,,
093370,후성,KOSPI,15600,4.0,6526898,101020134295,1673183148000,158363,215087,0,373450,,
067310,하나마이크론,KOSDAQ,49800,5.17,1780690,87962529925,3311245276200,-160620,38910,0,-121710,,
009830,한화솔루션,KOSPI,33750,-0.44,2541415,85735450350,7590123090000,314481,496324,0,810805,,
043260,성호전자,KOSDAQ,27800,5.1,3054274,83282291300,2097561374400,46395,103309,0,149704,,
486510,글로벌테크놀로지,KOSDAQ,17850,-6.54,4448548,82395697440,350683670400,-16355,3531,0,-12824,,
098460,고영,KOSDAQ,33550,8.4,2299751,75390698050,2288251346150,74521,-5428,0,69093,,
005380,현대차,KOSPI,346750,0.51,213162,73819087000,70552006101000,-86461,-10169,0,-96630,,
003160,디아이,KOSPI,39200,6.81,1795312,72093714800,1109360000000,-2883,19246,0,16363,,
396300,HT로보틱스,KOSDAQ,6170,14.05,11921730,71726810460,163440215000,-63444,57,0,-63387,,
196170,알테오젠,KOSDAQ GLOBAL,264250,3.83,257148,67170946500,18406368895250,41422,16230,0,57652,,
000250,삼천당제약,KOSDAQ,193900,12.21,328441,63523616050,4548403820800,2992,3700,0,6692,,
222800,심텍,KOSDAQ GLOBAL,154850,3.03,398882,60452913150,5959328851100,-31532,-39682,0,-71214,,
055550,신한지주,KOSPI,105000,-1.04,575187,60159352900,49292275095000,-244457,97572,0,-146885,,
018880,한온시스템,KOSPI,3615,2.7,16026598,58978348668,3709898601330,-1158738,2552840,0,1394102,,
047040,대우건설,KOSPI,17910,0.96,3268677,58080625825,7359355796580,638650,-25331,0,613319,,
298040,효성중공업,KOSPI,2785000,0.43,20598,56519485000,25968866180000,-1796,-4143,0,-5939,,
096770,SK이노베이션,KOSPI,142700,-4.1,382237,55329692450,24123832847600,84956,22484,0,107440,,
011070,LG이노텍,KOSPI,572000,1.42,96377,53831218000,13537585204000,-46160,-5563,0,-51723,,
035420,NAVER,KOSPI,191600,-1.08,265748,50985425350,29141281100400,-1310,-95755,0,-97065,,
007660,이수페타시스,KOSPI,120200,4.43,431834,50968197300,8823788123800,-181016,-26412,0,-207428,,
006400,삼성SDI,KOSPI,516500,0.29,96581,49361262500,41622426245000,-14994,1236,0,-13758,,
232140,와이씨,KOSDAQ,15420,5.54,3191283,49165896185,1265139297000,35111,-51302,0,-16191,,
010170,대한광통신,KOSDAQ,16970,1.74,2895858,48043498305,2638591650200,-1036987,9297,0,-1027690,,
440110,파두,KOSDAQ,89400,9.42,548721,47692421650,4479925813800,-123091,54539,0,-68552,,
066570,LG전자,KOSPI,211000,-0.71,228847,47654885500,34368658618000,14530,56817,0,71347,,
207940,삼성바이오로직스,KOSPI,1438000,3.38,32856,46671775500,66566387538000,2311,-240,0,2071,,
000270,기아,KOSPI,112900,0.09,409637,46416228150,44077627474200,-113782,-69957,0,-183739,,
012450,한화에어로스페이스,KOSPI,1037000,2.98,45187,46334690500,53471246837000,-10877,-201,0,-11078,,
267260,HD현대일렉트릭,KOSPI,666000,0.6,70102,46035616000,24007391910000,-29041,-14632,0,-43673,,
097800,윈팩,KOSDAQ,3885,28.01,7322827,26296100095,106021824825,-813,100,0,-713,,
072950,빛샘전자,KOSDAQ,16150,6.39,1844918,28398831685,130049651500,14051,-804,0,13247,,
008970,KBI동양철관,KOSPI,1418,-4.38,20352161,31113453476,147141474126,471683,155408,0,627091,,
053260,금강철강,KOSDAQ,7500,-7.52,2921539,24714065555,140400000000,176407,-34745,0,141662,,
071090,하이스틸,KOSPI,3520,-10.2,2975282,11331329483,71073977920,102191,-6,0,102185,,
0161M0,네오사피엔스,KOSDAQ,17320,-0.06,1891639,33031282700,211578435400,-46996,-181,0,-47177,,
109670,씨싸이트,KOSDAQ,19630,17.33,830365,16054687010,114572497260,0,0,0,0,,
386380,스카이랩스,KOSDAQ,18550,0.54,2060989,38914501590,348034673350,52377,-45,0,52332,,
225190,LK삼양,KOSDAQ,4205,21.18,1599257,6531377955,59263958040,-4495,311,0,-4184,,
067000,조이시티,KOSDAQ,1204,5.15,6293963,8018862383,84163748984,-28958,1,0,-28957,,
457370,한켐,KOSDAQ,11030,2.13,763076,8442039860,88980488020,-52408,0,0,-52408,,
012210,삼미금속,KOSDAQ,11970,-1.8,2075553,25879386530,275927400630,106034,-100,0,105934,,
0017J0,세미티에스,KOSDAQ,2875,13.64,2314272,6650299198,86684242875,59592,-6830,0,52762,,
452190,한빛레이저,KOSDAQ,6110,0.16,1784657,11029019715,146154603270,4481,0,0,4481,,
002710,TCC스틸,KOSPI,13770,-1.78,1756704,25653081410,360962607690,-54884,18619,0,-36265,,
033170,시그네틱스,KOSDAQ,3185,15.19,1191402,3759297936,54608936655,-14926,0,0,-14926,,
365330,에스와이스틸텍,KOSDAQ,1678,7.22,3317438,5759016583,84186938000,46952,0,0,46952,,
039610,화성밸브,KOSDAQ,6330,-6.5,658294,4457665825,65897832000,55837,0,0,55837,,
145170,노브랜드,KOSDAQ,3625,-1.89,1097305,4082246346,61292968125,-34707,2150,0,-32557,,
084010,대한제강,KOSPI,9570,22.85,2253757,21877550350,328936173720,-6384,647,0,-5737,,
010120,LS ELECTRIC,KOSPI,203500,-0.73,199870,40122745100,30525000000000,38024,-29244,0,8780,,
079550,LIG디펜스앤에어로스페이스,KOSPI,727000,6.6,45441,32179161500,15994000000000,1400,-2571,0,-1171,,
217590,티엠씨,KOSPI,14060,3.69,265005,3666673835,338764803500,-56034,470,0,-55564,,
417200,LS머트리얼즈,KOSDAQ,13860,-0.36,782178,10730205080,937665853740,124255,67303,0,191558,,
